City_ID,City,Lat,Lng,Max Temp,Humidity,Cloudiness,Wind Speed,Country,Date
0,leava,-14.3,-178.1667,28.19,77,10,3.0,WF,1683586622
1,edinburgh of the seven seas,-37.0676,-12.3116,15.5,69,100,5.53,SH,1683586512
2,port-aux-francais,-49.35,70.2167,6.09,96,100,20.62,TF,1683586495
3,holualoa,19.6228,-155.9522,26.91,77,40,5.14,US,1683586630
4,bamusso,4.4591,8.9027,26.36,87,28,1.7,CM,1683586633
5,talnakh,69.4865,88.3972,-3.27,97,100,0.66,RU,1683586503
6,dudinka,69.4058,86.1778,-8.51,97,83,2.08,RU,1683586640
7,smithers,54.7804,-127.1743,16.18,36,20,6.17,CA,1683586643
8,bredasdorp,-34.5322,20.0403,12.85,93,25,0.97,ZA,1683586645
9,ushuaia,-54.8,-68.3,8.81,57,75,5.14,AR,1683586557
10,bethel,41.3712,-73.414,23.2,31,0,4.12,US,1683586651
11,albany,42.6001,-73.9662,19.23,29,37,0.45,US,1683586489
12,iqaluit,63.7506,-68.5145,-4.15,73,20,7.2,CA,1683586382
13,hawaiian paradise park,19.5933,-154.9731,25.5,77,75,5.14,US,1683586523
14,tofol,5.3248,163.0078,27.88,83,100,4.63,FM,1683586660
15,blackmans bay,-43.0167,147.3167,13.18,69,93,6.17,AU,1683586662
16,saint croix,17.7397,-64.7388,27.25,78,40,4.63,VI,1683586409
17,muromtsevo,56.3724,75.2418,8.52,40,100,2.35,RU,1683586667
18,stanley,54.868,-1.6985,12.38,93,20,2.06,GB,1683586671
19,destin,30.3935,-86.4958,23.36,93,75,4.12,US,1683586548
20,kudahuvadhoo,2.6708,72.8944,28.07,77,16,5.16,MV,1683586675
21,grytviken,-54.2811,-36.5092,-0.34,71,10,3.36,GS,1683586677
22,port alfred,-33.5906,26.891,17.45,86,92,3.58,ZA,1683586679
23,kurayoshi,35.4333,133.8167,9.95,57,87,0.67,JP,1683586681
24,annau,37.8876,58.516,19.72,40,20,4.12,TM,1683586684
25,island harbour,50.724,-1.2758,13.97,95,100,2.68,GB,1683586687
26,auki,-8.7676,160.7034,29.21,74,44,1.08,SB,1683586689
27,fraile pintado,-23.9408,-64.7994,17.86,68,90,1.65,AR,1683586692
28,bilibino,68.0546,166.4372,-2.57,80,100,1.89,RU,1683586695
29,vernon,50.2581,-119.2691,19.74,52,100,2.24,CA,1683586558
30,waitangi,-43.9535,-176.5597,16.01,95,100,3.58,NZ,1683586497
31,hazard,37.2495,-83.1932,24.83,91,100,2.22,US,1683586703
32,kailua-kona,19.6406,-155.9956,28.98,77,40,5.14,US,1683586516
33,bom jesus,-9.0744,-44.3586,26.41,50,90,1.51,BR,1683586709
34,stowbtsy,53.4785,26.7434,2.73,70,6,2.01,BY,1683586712
35,inarajan village,13.2736,144.7484,29.66,84,14,5.24,GU,1683586714
36,ribeira grande,38.5167,-28.7,16.54,94,99,0.89,PT,1683586716
37,avarua,-21.2078,-159.775,26.03,89,75,7.72,CK,1683586723
38,codrington,-38.2667,141.9667,13.63,77,100,5.53,AU,1683586725
39,fort bragg,35.139,-79.006,29.08,48,20,5.14,US,1683586727
40,tabas,33.5959,56.9244,24.12,15,0,2.06,IR,1683586729
41,yinzhu,35.8786,119.9753,15.74,43,83,1.14,CN,1683586731
42,cananeia,-25.0147,-47.9267,23.42,92,81,1.18,BR,1683586733
43,petropavlovsk-kamchatsky,53.0452,158.6483,4.33,56,75,7.0,RU,1683586735
44,port lincoln,-34.7333,135.8667,14.28,76,31,2.28,AU,1683586737
45,sasovo,54.3537,41.9199,1.48,70,28,2.06,RU,1683586739
46,lompoc,34.6391,-120.4579,23.72,72,20,9.83,US,1683586741
47,jamestown,42.097,-79.2353,18.07,39,0,4.12,US,1683586524
48,olonkinbyen,70.9221,-8.7187,2.0,99,100,1.57,SJ,1683586745
49,qaqortoq,60.7167,-46.0333,1.36,86,92,1.25,GL,1683586749
50,greymouth,-42.4667,171.2,15.78,95,100,5.35,NZ,1683586753
51,siswa bazar,27.15,83.7667,25.78,27,0,2.24,IN,1683586757
52,leoben,47.3461,15.1257,6.01,95,100,0.81,AT,1683586759
53,longyearbyen,78.2186,15.6401,-2.09,86,75,2.06,SJ,1683586762
54,puerto natales,-51.7236,-72.4875,7.1,80,97,4.32,CL,1683586499
55,adamstown,-25.066,-130.1015,21.58,56,100,5.94,PN,1683586767
56,tarinkot,32.6268,65.8733,17.55,23,0,2.05,AF,1683586770
57,bamboo flat,11.7,92.7167,28.91,78,100,3.76,IN,1683586774
58,cabo san lucas,22.8909,-109.9124,32.56,48,11,5.58,MX,1683586776
59,lubango,-14.9172,13.4925,18.92,63,73,2.06,AO,1683586778
60,badger,64.8,-147.5333,11.93,53,20,4.12,US,1683586780
61,georgetown,5.4112,100.3354,27.96,94,20,1.54,MY,1683586551
62,kristiansund,63.1115,7.732,12.36,54,100,2.06,NO,1683586771
63,yigo village,13.5361,144.8886,28.74,73,20,5.66,GU,1683586786
64,salinas,36.6777,-121.6555,21.42,56,0,5.66,US,1683586572
65,thompson,55.7435,-97.8558,21.09,28,75,3.6,CA,1683586791
66,colonia,50.9333,6.95,16.57,84,40,3.09,DE,1683586793
67,geraldton,-28.7667,114.6,18.23,55,40,3.6,AU,1683586794
68,puerto ayora,-0.7393,-90.3518,30.98,91,70,2.68,EC,1683586797
69,afaahiti,-17.75,-149.2833,29.93,75,63,3.04,PF,1683586739
70,fale old settlement,-9.3852,-171.2468,29.3,74,1,6.13,TK,1683586825
71,khandyga,62.6667,135.6,-1.42,48,74,2.08,RU,1683586832
72,mount gambier,-37.8333,140.7667,12.65,81,78,2.06,AU,1683586840
73,almazan,41.4865,-2.5309,15.94,72,73,0.69,ES,1683586842
74,sinabang,2.4803,96.3801,24.82,90,100,2.21,ID,1683586845
75,valparaiso,-33.0393,-71.6273,17.13,65,20,3.09,CL,1683586809
76,salahonda,2.1019,-78.7217,28.1,80,100,3.58,CO,1683586849
77,hithadhoo,-0.6,73.0833,28.07,74,63,4.56,MV,1683586851
78,kodiak,57.79,-152.4072,2.73,87,100,14.92,US,1683586853
79,happy valley-goose bay,53.3168,-60.3315,4.17,56,75,7.2,CA,1683586855
80,letlhakane,-21.4167,25.5833,18.7,57,0,6.38,BW,1683586857
81,igarka,67.4667,86.5833,-6.63,94,100,6.27,RU,1683586859
82,posto fiscal rolim de moura,-13.0833,-62.2667,22.45,96,97,2.09,BR,1683586861
83,saudarkrokur,65.7461,-19.6394,5.92,92,100,1.12,IS,1683586865
84,groningen,53.25,6.75,15.65,93,100,0.51,NL,1683586679
85,kupang,-10.1667,123.5833,27.32,83,20,6.69,ID,1683586576
86,uglegorsk,49.0833,142.0333,7.18,60,99,0.04,RU,1683586880
87,guanica,17.9716,-66.908,28.88,69,80,4.65,PR,1683586884
88,marand,38.4329,45.7749,12.74,62,10,1.45,IR,1683586887
89,college,64.8569,-147.8028,11.18,58,20,3.09,US,1683586896
90,grande prairie,55.1667,-118.8027,17.1,36,20,3.09,CA,1683586626
91,tidjikja,18.5564,-11.4271,32.14,10,99,2.89,MR,1683586900
92,magadan,59.5667,150.8,2.47,80,35,2.62,RU,1683586902
93,ust-nera,64.5667,143.2,0.41,60,96,1.98,RU,1683586798
94,zhelezinka,53.54,75.3072,12.99,31,92,5.5,KZ,1683586906
95,tvoroyri,61.5556,-6.8111,8.93,89,100,5.37,FO,1683586908
96,simanggang,1.2472,111.4528,22.99,100,80,0.0,MY,1683586909
97,arraial do cabo,-22.9661,-42.0278,22.98,94,0,6.17,BR,1683586913
98,sitka,57.0531,-135.33,10.07,61,40,2.66,US,1683586911
99,wuyishan,28.0047,117.8114,16.85,91,10,1.05,CN,1683586917
100,tralee,52.2704,-9.7026,9.77,96,11,2.17,IE,1683586919
101,tuy hoa,13.0833,109.3,25.91,89,100,1.97,VN,1683586920
102,port elizabeth,-33.918,25.5701,18.51,87,0,2.06,ZA,1683586924
103,cockburn town,21.4612,-71.1419,26.77,80,3,7.41,TC,1683586927
104,wailua homesteads,22.0669,-159.378,25.42,78,53,3.13,US,1683586814
105,kachug,53.9606,105.8817,8.9,55,26,0.99,RU,1683586934
106,tolanaro,-25.0319,46.9987,23.04,88,20,5.14,MG,1683586939
107,benalla,-36.55,145.9833,9.61,75,1,3.44,AU,1683586943
108,la passe,45.5549,-0.8967,14.43,83,100,2.68,FR,1683586946
109,whitehorse,60.7161,-135.0538,12.12,27,20,7.2,CA,1683586745
110,lubao,14.9167,120.55,26.84,77,97,1.59,PH,1683586953
111,bandon,51.7469,-8.7425,11.77,94,50,2.38,IE,1683586955
112,puerto baquerizo moreno,-0.9,-89.6,27.55,83,75,3.09,EC,1683586957
113,carnarvon,-24.8667,113.6333,22.35,62,53,2.49,AU,1683586961
114,mossel bay,-34.1831,22.146,12.96,82,10,2.32,ZA,1683586963
115,haiku-pauwela,20.9219,-156.3051,25.58,64,3,8.23,US,1683586965
116,candeleda,40.1552,-5.2405,18.29,60,95,3.16,ES,1683586967
117,beyneu,45.3167,55.2,20.41,36,63,5.44,KZ,1683586969
118,kill devil hills,36.0307,-75.676,26.0,59,0,3.09,US,1683586896
119,kingston,17.997,-76.7936,29.53,80,20,10.29,JM,1683586973
120,robertson,36.5167,-86.8667,27.44,73,75,3.6,US,1683586974
121,el alto,-4.2714,-81.2147,27.81,77,18,7.57,PE,1683586976
122,filiatra,37.15,21.5833,18.16,64,100,1.91,GR,1683586978
123,el nido,11.1858,119.3956,27.82,79,95,1.17,PH,1683586980
124,luderitz,-26.6481,15.1594,15.67,58,0,4.29,NA,1683586983
125,jiangzi,28.95,89.6333,-0.82,61,13,2.48,CN,1683586987
126,antonio enes,-16.2325,39.9086,22.49,72,9,2.6,MZ,1683586990
127,hammerfest,70.6634,23.6821,2.25,93,100,0.0,NO,1683586994
128,kuanda,56.3161,116.0806,2.51,100,100,0.83,RU,1683586997
129,ilulissat,69.2167,-51.1,-1.09,95,100,1.03,GL,1683586749
130,salalah,17.0151,54.0924,25.62,62,8,0.73,OM,1683587003
131,invercargill,-46.4,168.35,12.19,90,71,3.26,NZ,1683587006
132,hilo,19.7297,-155.09,28.49,77,76,1.79,US,1683586816
133,grand gaube,-20.0064,57.6608,23.54,78,51,0.45,MU,1683587012
134,punta arenas,-53.15,-70.9167,6.06,75,75,4.12,CL,1683586830
135,la'ie,21.6477,-157.9253,28.98,73,13,8.84,US,1683587018
136,enewetak,11.3474,162.3373,27.44,80,100,7.41,MH,1683587020
137,fort st. john,56.2499,-120.8529,16.94,42,75,2.57,CA,1683586834
138,krasnohrad,49.3814,35.4402,5.54,64,88,5.15,UA,1683587024
139,kikvidze,50.7416,43.0518,5.32,62,100,4.31,RU,1683587026
140,yellowknife,62.456,-114.3525,14.29,47,75,5.14,CA,1683586888
141,san agustin de valle fertil,-30.6335,-67.4682,16.14,47,0,1.88,AR,1683587030
142,natal,-5.795,-35.2094,27.12,83,20,3.09,BR,1683586906
143,cadale,2.7603,46.3222,27.03,81,10,9.02,SO,1683587034
144,klyuchi,52.2667,79.1667,16.14,30,41,3.45,RU,1683587036
145,baise city,23.8997,106.6133,19.46,89,100,1.19,CN,1683587038
146,malangali,-8.5667,34.85,15.16,88,29,4.51,TZ,1683587039
147,cannonvale,-20.2833,148.7,16.66,44,2,8.87,AU,1683587041
148,hailin,44.5833,129.4167,10.31,25,26,7.46,CN,1683587045
149,namibe,-15.1961,12.1522,24.01,73,79,1.15,AO,1683587058
150,yuzhno-kurilsk,44.0306,145.8556,4.73,78,7,4.59,RU,1683587061
151,baranchinskiy,58.1617,59.6991,-1.73,68,5,1.74,RU,1683587063
152,thunder bay,48.4001,-89.3168,14.95,41,40,4.63,CA,1683586771
153,usinsk,65.9939,57.5281,-0.18,98,100,7.79,RU,1683587068
154,anadyr,64.75,177.4833,-2.72,92,100,7.0,RU,1683587071
155,hasaki,35.7333,140.8333,14.56,58,100,8.55,JP,1683587074
156,isangel,-19.55,169.2667,27.06,78,75,0.0,VU,1683586903
157,vorgashor,67.5833,63.95,-2.74,97,100,3.55,RU,1683586737
158,tanque verde,32.2517,-110.7373,33.88,10,0,6.17,US,1683587079
159,krasnokuts'k,50.066,35.1628,3.87,69,88,4.01,UA,1683587081
160,mejit,10.2753,170.8646,27.16,83,100,7.36,MH,1683587083
161,dalandzadgad,43.5708,104.425,10.22,59,100,5.76,MN,1683587085
162,greenville,35.6127,-77.3663,27.01,67,0,1.54,US,1683586708
163,revda,56.801,59.9303,-1.98,73,7,1.21,RU,1683587089
164,ovruch,51.3246,28.8035,2.78,69,13,2.45,UA,1683587091
165,hopelchen,19.7667,-89.85,39.4,21,24,2.41,MX,1683587093
166,port macquarie,-31.4333,152.9167,14.94,53,91,6.42,AU,1683587095
167,uturoa,-16.7333,-151.4333,27.65,74,40,3.75,PF,1683587097
168,port mathurin,-19.6833,63.4167,25.65,74,64,9.51,MU,1683587098
169,chuguyevka,44.1653,133.8633,10.27,53,14,4.28,RU,1683587100
170,cidreira,-30.1811,-50.2056,17.9,78,33,3.61,BR,1683586929
171,ancud,-41.8697,-73.8203,10.12,71,100,1.04,CL,1683586841
172,gao,16.6362,1.637,32.42,9,65,4.05,ML,1683586971
173,kerikeri,-35.2268,173.9474,19.95,96,100,1.79,NZ,1683587116
174,dryden,49.7833,-92.7503,14.16,62,100,2.06,CA,1683586848
175,vilyuysk,63.7553,121.6247,-3.73,82,84,3.45,RU,1683587122
176,puerto maldonado,-12.6,-69.1833,23.22,94,75,1.03,PE,1683587125
177,yemva,62.59,50.8594,1.2,82,91,4.49,RU,1683587130
178,kuqa,41.7278,82.9364,11.37,26,0,0.59,CN,1683587134
179,kruisfontein,-34.0033,24.7314,14.15,80,43,2.73,ZA,1683587139
180,kirensk,57.7853,108.1119,7.85,84,51,2.79,RU,1683587141
181,lihue,21.9789,-159.3672,28.58,70,75,7.72,US,1683587142
182,bhimunipatnam,17.8833,83.4333,27.73,79,14,3.15,IN,1683587144
183,mizdah,31.4451,12.9801,17.65,76,47,9.45,LY,1683587146
184,papatowai,-46.5619,169.4708,18.12,90,97,5.47,NZ,1683587149
185,bossangoa,6.4926,17.4552,22.63,83,75,1.68,CF,1683587153
186,ulladulla,-35.35,150.4667,14.42,60,57,6.42,AU,1683587155
187,cradock,-32.1642,25.6192,12.82,73,90,0.49,ZA,1683587157
188,general roca,-39.0333,-67.5833,13.12,40,46,2.64,AR,1683587161
189,hadibu,12.65,54.0333,28.23,69,92,0.14,YE,1683587163
190,dunedin,-45.8742,170.5036,17.26,58,100,3.85,NZ,1683586945
191,alaghsas,17.0187,8.0168,29.41,8,99,3.83,NE,1683587170
192,bria,6.5423,21.9863,21.47,87,76,1.78,CF,1683587174
193,prince george,53.9166,-122.753,17.92,36,0,2.06,CA,1683586622
194,udachny,66.4167,112.4,-1.97,79,100,11.44,RU,1683586920
195,lebu,-37.6167,-73.65,10.08,79,99,6.09,CL,1683587184
196,fallon,39.4735,-118.7774,19.93,21,40,11.83,US,1683587168
197,newport beach,33.6189,-117.9289,24.63,64,20,4.12,US,1683587196
198,anloga,5.7947,0.8973,28.68,75,27,4.62,GH,1683587198
199,tucurui,-3.7661,-49.6725,26.59,77,69,0.98,BR,1683587200
200,xunchang,28.4543,104.715,14.84,94,100,0.86,CN,1683587202
201,katsuura,35.1333,140.3,14.8,61,100,9.14,JP,1683587172
202,praia da vitoria,38.7333,-27.0667,16.53,96,98,0.78,PT,1683587207
203,ovalle,-30.5983,-71.2003,21.48,42,50,1.41,CL,1683587209
204,east london,-33.0153,27.9116,17.52,82,76,3.91,ZA,1683587211
205,singtam,27.2333,88.5,18.76,80,7,2.66,IN,1683587213
206,drayton valley,53.2168,-114.9854,12.96,70,99,3.06,CA,1683587215
207,urangan,-25.3,152.9,13.88,51,17,4.04,AU,1683587217
208,west island,-12.1568,96.8225,25.99,94,57,2.57,CC,1683587219
209,rawson,-43.3002,-65.1023,13.54,51,9,3.99,AR,1683587221
210,kargasok,59.0556,80.8572,4.89,47,100,5.08,RU,1683587223
211,arauco,-37.2463,-73.3175,11.01,72,99,2.15,CL,1683587226
212,hermanus,-34.4187,19.2345,16.0,87,14,1.38,ZA,1683587229
213,kampene,-3.6,26.6667,20.57,99,100,0.78,CD,1683587232
214,rikaze,29.25,88.8833,4.11,50,0,2.01,CN,1683587116
215,tazacorte,28.629,-17.9293,20.54,78,1,6.69,ES,1683587237
216,lokbatan,40.3237,49.728,17.99,70,5,8.94,AZ,1683587240
217,beltran,-27.8291,-64.061,19.07,58,0,2.64,AR,1683587243
218,revelstoke,50.9832,-118.2023,17.01,51,0,5.66,CA,1683587246
219,nilvange,49.34,6.0548,14.05,88,100,1.86,FR,1683587249
220,zemio,5.0314,25.1361,20.39,98,100,0.68,CF,1683587252
221,tindouf,27.6711,-8.1474,29.11,14,0,4.5,DZ,1683587255
222,vadso,70.0744,29.7487,2.49,80,75,3.6,NO,1683587257
223,kenai,60.5544,-151.2583,8.05,75,100,4.63,US,1683587130
224,iskateley,67.6803,53.1512,-0.49,84,100,6.87,RU,1683587261
225,atafu village,-8.5421,-172.5159,29.21,75,8,5.92,TK,1683587127
226,belel,7.05,14.4333,17.61,84,100,0.99,CM,1683587264
227,nar'yan-mar,67.6713,53.087,-0.42,84,100,6.91,RU,1683587266
228,saipan,15.1355,145.701,30.39,100,20,5.66,MP,1683587269
229,kapuskasing,49.4169,-82.4331,15.0,23,40,4.12,CA,1683587161
230,sisimiut,66.9395,-53.6735,-0.43,84,82,6.43,GL,1683587274
231,montelibano,7.9829,-75.4229,28.75,79,100,4.71,CO,1683587276
232,san patricio,28.017,-97.5169,29.53,63,60,7.1,US,1683587277
233,pangai,-19.8,-174.35,26.25,82,92,6.89,TO,1683587279
234,pandan,14.0453,124.1694,27.45,77,68,0.88,PH,1683587281
235,chonchi,-42.6128,-73.8092,8.4,85,100,0.48,CL,1683587284
236,vilyuchinsk,52.9306,158.4028,5.15,86,100,8.36,RU,1683587288
237,yuncheng,35.0231,110.9928,15.11,51,91,2.16,CN,1683587291
238,hamilton,39.1834,-84.5333,25.05,68,75,4.12,US,1683587130
239,conde,-7.2597,-34.9075,25.7,89,0,2.57,BR,1683587300
240,listowel,52.4464,-9.485,10.84,94,5,2.45,IE,1683587303
241,nadym,65.5333,72.5167,-9.47,83,60,10.05,RU,1683587305
242,st. john's,47.5649,-52.7093,6.55,92,100,13.38,CA,1683587167
243,saint-georges,12.0564,-61.7485,26.65,84,100,7.18,GD,1683587310
244,isafjordur,66.0755,-23.124,4.99,94,91,2.76,IS,1683587313
245,nelson bay,-32.7167,152.15,13.39,63,83,8.05,AU,1683587315
246,launceston,-41.45,147.1667,12.67,87,100,3.6,AU,1683587318
247,ebon,4.582,168.6964,28.09,80,100,4.69,MH,1683587320
248,saint-francois,46.4154,3.9054,12.6,100,0,1.03,FR,1683587169
249,ola,59.5833,151.2833,2.69,78,29,1.65,RU,1683587324
250,necochea,-38.5473,-58.7368,13.79,75,57,8.07,AR,1683587325
251,choibalsan,48.0667,114.5,12.51,31,5,1.8,MN,1683587327
252,gebeit,21.0667,36.3167,22.3,49,0,1.76,SD,1683587329
253,bharatpur,27.2167,77.4833,26.46,35,0,2.72,IN,1683587331
254,balsas,-7.5325,-46.0356,25.87,62,27,0.29,BR,1683587333
255,la foa,-21.7108,165.8276,24.4,71,99,2.33,NC,1683587335
256,margaret river,-33.95,115.0667,17.35,51,99,6.35,AU,1683587107
257,rabo de peixe,37.8,-25.5833,16.73,94,75,1.03,PT,1683587340
258,coquimbo,-29.9533,-71.3436,12.85,100,20,1.54,CL,1683587306
259,castillos,-34.1667,-53.8333,13.29,79,1,2.77,UY,1683587346
260,aykhal,66.0,111.5,-0.85,97,100,10.34,RU,1683587349
261,franceville,-1.6333,13.5836,23.11,94,95,0.18,GA,1683587352
262,midvagur,62.0511,-7.1939,8.46,100,100,3.09,FO,1683587354
263,sogndal,61.2283,7.1003,12.21,53,100,1.03,NO,1683587357
264,portland,45.5234,-122.6762,18.02,75,75,5.14,US,1683587265
265,constantia,44.1833,28.65,9.38,88,100,4.88,RO,1683587362
266,mount isa,-20.7333,139.5,12.87,26,1,7.2,AU,1683587366
267,saacow,1.6279,42.4407,24.89,83,22,4.43,SO,1683587369
268,malvan,16.0667,73.4667,27.93,83,100,4.28,IN,1683587372
269,san luis,-33.295,-66.3356,15.36,44,0,3.25,AR,1683587375
270,jha-jha,24.7667,86.3667,30.55,24,39,1.59,IN,1683587376
271,terrace,54.5163,-128.6035,16.4,49,37,0.11,CA,1683587232
272,mahibadhoo,3.7833,72.9667,28.41,77,33,5.42,MV,1683587380
273,kununurra,-15.7667,128.7333,19.99,30,12,7.2,AU,1683587382
274,balqash,46.8481,74.995,16.37,37,4,2.04,KZ,1683587384
275,taltal,-25.4,-70.4833,19.85,66,16,1.94,CL,1683587175
276,taro,-8.3862,115.28,23.0,96,99,0.76,ID,1683587348
277,changli,39.7042,119.1506,18.58,29,87,2.13,CN,1683587391
278,kone,-21.0595,164.8658,25.43,67,98,1.9,NC,1683587393
279,cabedelo,-6.9811,-34.8339,26.37,80,73,4.37,BR,1683587395
280,nieuw amsterdam,5.8833,-55.0833,27.09,84,20,1.03,SR,1683587397
281,tura,25.5198,90.2201,22.79,38,0,2.11,IN,1683587121
282,portstewart,55.1813,-6.714,11.29,87,64,1.91,GB,1683587401
283,ulanhot,46.0833,122.0833,12.85,18,0,4.1,CN,1683587407
284,nemuro,43.3236,145.575,4.09,81,5,5.72,JP,1683587411
285,isna,25.2934,32.554,22.46,30,1,2.97,EG,1683587414
286,mendoza,-32.8908,-68.8272,15.75,37,16,2.13,AR,1683587417
287,ejura,7.3856,-1.3562,25.93,73,38,3.07,GH,1683587419
288,robore,-18.3333,-59.75,20.08,98,100,1.87,BO,1683587422
289,benjamin constant,-4.3831,-70.0311,26.07,89,40,1.03,BR,1683587424
290,balimila,18.25,82.1333,26.44,73,48,0.43,IN,1683587427
291,tadine,-21.55,167.8833,25.12,67,96,4.81,NC,1683587430
292,mareeba,-17.0,145.4333,23.6,68,47,3.16,AU,1683587313
293,labuan,5.2767,115.2417,27.17,79,100,2.89,MY,1683587438
294,san antonio de pale,-1.4014,5.6325,28.35,78,19,4.79,GQ,1683587440
295,tazovsky,67.4667,78.7,-10.51,90,99,11.82,RU,1683587442
296,lasem,-6.6922,111.4527,25.03,89,100,1.7,ID,1683587444
297,kedougou,12.5579,-12.1743,27.64,58,100,6.35,SN,1683587446
298,tiksi,71.6872,128.8694,-9.16,82,92,6.64,RU,1683587448
299,carutapera,-1.195,-46.02,24.7,93,43,2.39,BR,1683587449
300,sosnovoborsk,56.1325,93.3589,12.11,45,55,2.44,RU,1683587369
301,port augusta,-32.5,137.7667,12.92,70,0,1.73,AU,1683587453
302,aasiaat,68.7098,-52.8699,-2.83,81,100,4.99,GL,1683587461
303,alofi,-19.0595,-169.9187,28.94,74,40,3.6,NU,1683587404
304,fort saskatchewan,53.7168,-113.2187,14.49,87,100,4.12,CA,1683587386
305,alta,69.9689,23.2717,4.55,82,75,1.54,NO,1683587415
306,porvoo,60.3923,25.6651,6.24,66,46,2.67,FI,1683587471
307,port saint john's,-31.6229,29.5448,17.77,87,100,2.85,ZA,1683587474
308,great falls,47.5002,-111.3008,18.25,34,20,5.14,US,1683587477
309,urussanga,-28.5178,-49.3208,19.42,91,100,0.56,BR,1683587480
310,nguigmi,14.2495,13.1092,30.0,17,100,4.76,NE,1683587483
311,bartica,6.4,-58.6167,26.18,97,81,1.42,GY,1683587486
312,seydi,39.4816,62.9137,21.37,18,1,3.44,TM,1683587489
313,abaza,52.655,90.0928,9.29,74,4,2.28,RU,1683587492
314,savanna-la-mar,18.219,-78.1332,29.96,76,75,0.97,JM,1683587494
315,puerto aysen,-45.4,-72.7,6.68,98,100,1.94,CL,1683587496
316,kahama,-3.8333,32.6,20.32,75,94,1.93,TZ,1683587377
317,flying fish cove,-10.4217,105.6791,26.82,89,40,3.6,CX,1683587484
318,sechura,-5.5569,-80.8222,28.05,64,7,7.68,PE,1683587503
319,salina cruz,16.1667,-95.2,33.25,58,0,6.96,MX,1683587505
320,saint-philippe,-21.3585,55.7679,23.77,81,96,4.13,RE,1683587507
321,sikonge,-5.6333,32.7667,19.9,71,47,2.16,TZ,1683587509
322,bondoukou,8.0333,-2.8,23.13,85,89,1.59,CI,1683587511
323,saint-pierre,-21.3393,55.4781,23.82,64,100,2.57,RE,1683587513
324,wajir,1.7471,40.0573,25.52,73,100,6.62,KE,1683587450
325,bikenibeu village,1.3673,173.1241,30.98,70,40,3.6,KI,1683587456
326,tabou,4.423,-7.3528,27.28,84,47,3.3,CI,1683587518
327,mount darwin,-16.7725,31.5838,12.51,67,0,0.84,ZW,1683587520
328,kelso,46.1468,-122.9084,19.92,42,100,4.63,US,1683587430
329,byron bay,-28.65,153.6167,16.08,39,0,4.35,AU,1683587506
330,ketchikan,55.3422,-131.6461,8.99,63,45,1.93,US,1683587529
331,salekhard,66.53,66.6019,-9.28,92,73,2.29,RU,1683587532
332,pijijiapan,15.7011,-93.23,31.7,65,37,3.52,MX,1683587535
333,kuta,-8.7233,115.1723,26.97,94,75,7.2,ID,1683587537
334,novodvinsk,64.4165,40.8122,2.38,96,100,2.08,RU,1683587540
335,ixtapa,20.7,-105.2,29.57,51,0,5.66,MX,1683587543
336,altai,46.3722,96.2583,-0.47,55,57,1.31,MN,1683587546
337,ghat,24.9647,10.1728,29.55,14,98,3.88,LY,1683587550
338,vila velha,-20.3297,-40.2925,22.97,98,75,1.54,BR,1683587552
339,mawu,29.5923,107.3139,15.16,92,94,1.4,CN,1683587554
340,gadzhiyevo,69.2551,33.3362,0.85,93,100,5.47,RU,1683587556
341,jizzax,40.1158,67.8422,15.8,40,0,1.91,UZ,1683587558
342,bryne,58.7354,5.6477,13.3,67,75,8.23,NO,1683587560
343,kavieng,-2.5744,150.7967,29.04,74,94,3.28,PG,1683587562
344,alice springs,-23.7,133.8833,3.75,70,0,0.0,AU,1683587564
345,sur,22.5667,59.5289,30.94,34,0,4.31,OM,1683587566
346,askoy,60.4092,5.226,13.19,61,100,7.72,NO,1683587568
347,pacific grove,36.6177,-121.9166,19.08,73,20,4.63,US,1683587571
348,tuxpam de rodriguez cano,20.95,-97.4,31.9,68,7,6.01,MX,1683587573
349,porto novo,6.4965,2.6036,27.47,80,57,3.37,BJ,1683587575
350,carbonear,47.7332,-53.2148,6.8,86,100,8.55,CA,1683587577
351,rucar,45.4,25.1667,3.58,98,100,2.07,RO,1683587579
352,susuman,62.7833,148.1667,1.4,80,74,0.74,RU,1683587581
353,labytnangi,66.6572,66.4183,-9.67,90,64,2.48,RU,1683587583
354,puerto el triunfo,13.2833,-88.55,30.58,63,27,4.44,SV,1683587377
355,bardai,11.65,7.2333,28.71,26,56,3.68,NG,1683587588
356,remire-montjoly,4.9167,-52.2667,25.02,94,75,1.54,GF,1683587594
357,polyarnyy,69.1989,33.4478,1.16,94,100,5.0,RU,1683587598
358,lata,40.1629,-8.3327,17.67,99,80,1.15,PT,1683587600
359,brookings,44.3114,-96.7984,22.92,47,0,2.06,US,1683587351
360,vallenar,-28.5708,-70.7581,20.96,36,4,0.42,CL,1683587606
361,wynyard,-41.0,145.7167,11.66,78,100,4.41,AU,1683587609
362,la ronge,55.1001,-105.2842,13.3,50,96,1.8,CA,1683587449
363,harper,4.375,-7.7169,27.23,84,46,3.42,LR,1683587614
364,bathsheba,13.2167,-59.5167,27.34,83,40,5.66,BB,1683587616
365,busayra,30.7376,35.6078,11.55,81,8,1.87,JO,1683587618
366,tyuratam,45.6507,63.3156,19.88,16,68,2.61,KZ,1683587620
367,prince rupert,54.3161,-130.3201,11.46,63,44,3.12,CA,1683587325
368,saldanha,-33.0117,17.9442,14.97,85,28,4.42,ZA,1683587624
369,bodo,67.28,14.405,9.32,59,0,6.17,NO,1683587626
370,tanumah,27.1,44.1333,28.16,10,99,5.49,SA,1683587629
371,vianopolis,-16.7419,-48.5164,18.29,67,25,1.68,BR,1683587630
372,horta,38.5333,-28.6333,15.57,94,99,1.79,PT,1683587494
373,aral,40.5156,81.2636,12.83,20,23,4.28,CN,1683587635
374,nyrob,60.733,56.7202,-2.5,82,24,1.61,RU,1683587638
375,wad az zaki,14.4619,32.2065,29.56,13,1,6.88,SD,1683587640
376,nyagan,62.1406,65.3936,-2.0,67,86,3.03,RU,1683587642
377,ha tinh,18.3333,105.9,24.82,89,64,0.18,VN,1683587645
378,pisco,-13.7,-76.2167,21.03,83,0,7.72,PE,1683587648
379,afif,23.9065,42.9172,26.28,14,78,3.95,SA,1683587651
380,kuytun,54.3419,101.5036,9.34,54,5,2.7,RU,1683587654
381,fortuna,40.5982,-124.1573,16.51,61,0,3.6,US,1683587414
382,sparti,37.0733,22.4297,17.19,63,100,0.92,GR,1683587658
383,spring hill,28.4769,-82.5255,28.37,64,0,5.14,US,1683587437
384,bundaberg,-24.85,152.35,14.56,44,8,2.68,AU,1683587394
385,boca suno,-0.7167,-77.1333,24.27,93,67,0.46,EC,1683587669
386,maymana,35.9214,64.7836,16.06,36,0,1.8,AF,1683587671
387,mendi,-6.1761,143.6513,16.63,92,98,0.14,PG,1683587673
388,chibougamau,49.9168,-74.3659,7.79,36,75,4.63,CA,1683587675
389,garzon,2.1959,-75.6278,24.02,82,57,2.26,CO,1683587677
390,ponta delgada,37.7333,-25.6667,17.4,94,75,1.03,PT,1683587679
391,tateyama,34.9833,139.8667,14.69,60,90,8.33,JP,1683587680
392,bokhan,53.153,103.7714,9.84,52,12,2.77,RU,1683587682
393,bandarbeyla,9.4942,50.8122,27.68,69,86,0.55,SO,1683587685
394,kulhudhuffushi,6.6221,73.07,28.82,74,83,5.37,MV,1683587687
395,queenstown,-31.8976,26.8753,10.4,83,86,0.99,ZA,1683587689
396,touros,-5.1989,-35.4608,26.42,79,55,5.67,BR,1683587650
397,tougue,11.4667,-11.6,19.55,94,100,0.99,GN,1683587693
398,itoman,26.1247,127.6694,23.01,70,20,8.23,JP,1683587695
399,la tuque,47.4334,-72.7824,10.6,34,97,4.61,CA,1683587592
400,khonsa,27.0167,95.5667,16.46,66,2,2.0,IN,1683587699
401,point pedro,9.8167,80.2333,28.07,82,100,5.33,LK,1683587701
402,esperantina,-3.9017,-42.2336,24.97,75,23,1.43,BR,1683587706
403,korla,41.7597,86.1469,10.78,41,0,0.84,CN,1683587709
404,wotho,10.1657,166.0102,27.39,83,100,7.8,MH,1683587711
405,belyy yar,53.6039,91.3903,4.94,70,0,1.0,RU,1683587714
406,puerto san jose,13.9256,-90.8244,31.42,63,17,5.0,GT,1683587717
407,brisas de zicatela,15.8369,-97.0419,32.29,66,0,4.12,MX,1683587720
408,haparanda,65.8355,24.1368,1.03,98,99,0.67,SE,1683587690
409,puerto santa,-8.9906,-78.6456,23.24,84,53,5.18,PE,1683587725
410,mekhe,15.1097,-16.6218,22.15,73,22,4.23,SN,1683587728
411,keflavik,64.0049,-22.5624,9.24,100,75,3.09,IS,1683587731
412,wanzleben,52.05,11.45,9.36,65,6,3.88,DE,1683587734
413,inirida,3.8653,-67.9239,27.0,81,98,1.67,CO,1683587736
414,arar,30.9753,41.0381,22.26,27,0,5.88,SA,1683587738
415,conceicao do mato dentro,-19.0372,-43.425,18.03,83,33,0.84,BR,1683587740
416,san andres,12.5847,-81.7006,29.01,70,20,4.12,CO,1683587742
417,eyl,7.9803,49.8164,27.56,79,15,4.21,SO,1683587744
418,puerto gaitan,4.3133,-72.0816,28.07,75,87,3.33,CO,1683587746
419,patnongon,10.9132,121.9937,27.33,77,77,1.72,PH,1683587753
420,chipinge,-20.1883,32.6236,12.62,81,0,1.12,ZW,1683587756
421,gwanda,-20.9333,29.0,14.69,87,2,2.95,ZW,1683587565
422,zherdevka,51.8486,41.4606,4.35,68,100,4.19,RU,1683587759
423,ati,13.2154,18.3353,32.22,20,23,1.44,TD,1683587761
424,latehar,23.75,84.5,26.82,36,62,0.58,IN,1683587764
425,koson,39.0375,65.585,14.18,35,1,3.57,UZ,1683587770
426,gamba,-2.65,10.0,25.42,89,45,1.87,GA,1683587772
427,yoloten,37.2989,62.3597,19.36,28,0,5.02,TM,1683587774
428,nampula,-15.1165,39.2666,16.68,94,34,1.59,MZ,1683587777
429,kotel'nikovo,47.6317,43.1461,6.1,88,100,6.96,RU,1683587780
430,weno,7.4515,151.8468,28.97,84,40,2.06,FM,1683587782
431,marrakesh,31.6315,-8.0083,25.04,44,0,4.63,MA,1683587785
432,san clemente del tuyu,-36.3569,-56.7235,16.18,66,95,7.85,AR,1683587789
433,rundu,-17.9333,19.7667,17.7,41,36,1.46,NA,1683587793
434,lautoka,-17.6167,177.4667,28.92,65,20,2.06,FJ,1683587796
435,amuntai,-2.4177,115.2494,23.81,99,97,0.16,ID,1683587798
436,tianshui,34.5439,105.6897,8.84,97,100,0.25,CN,1683587799
437,nozhay-yurt,43.0933,46.3786,11.11,96,100,2.78,RU,1683587802
438,inongo,-1.95,18.2667,22.63,93,92,1.17,CD,1683587803
439,tangalle,6.024,80.7911,25.25,92,97,3.7,LK,1683587551
440,isola di capo rizzuto,38.96,17.0933,16.21,78,100,1.57,IT,1683587808
441,puerto leguizamo,-0.1934,-74.7819,24.17,96,81,0.66,CO,1683587810
442,lusaka,-15.4067,28.2871,13.91,50,0,2.48,ZM,1683587661
443,chateaubelair,13.2833,-61.25,27.29,83,75,3.6,VC,1683587814
444,nogliki,51.8333,143.1667,1.59,84,100,4.09,RU,1683587816
445,merizo village,13.2658,144.6691,29.85,80,11,5.03,GU,1683587818
446,mosjoen,65.836,13.1908,9.26,70,99,1.77,NO,1683587820
447,nakama,33.8167,130.7,14.92,75,79,0.45,JP,1683587822
448,naracoorte,-36.9579,140.7383,11.54,79,18,2.45,AU,1683587825
449,nuku'alofa,-21.1333,-175.2,27.19,83,75,3.6,TO,1683587828
450,chandler,33.3062,-111.8412,34.32,12,0,3.6,US,1683587740
451,guerrero negro,27.9769,-114.0611,18.76,62,0,10.22,MX,1683587833
452,road town,18.4167,-64.6167,29.05,78,20,4.12,VG,1683587837
453,urumqi,43.801,87.6005,12.53,35,0,5.0,CN,1683587839
454,aldinga beach,-35.2793,138.4604,14.0,77,25,2.9,AU,1683587842
455,bel ombre,-4.6167,55.4167,26.91,78,75,5.66,SC,1683587845
456,sao gabriel da cachoeira,-0.1303,-67.0892,24.27,96,90,0.76,BR,1683587848
457,nouadhibou,20.931,-17.0347,20.99,68,0,8.23,MR,1683587851
458,al ghayzah,16.2079,52.176,26.53,62,1,0.68,YE,1683587853
459,huicungo,-7.2833,-76.8,22.84,97,30,0.47,PE,1683587855
460,selfoss,63.9331,-20.9971,10.02,95,100,1.96,IS,1683587858
461,vicuna,-30.0319,-70.7081,19.87,23,54,1.46,CL,1683587741
462,dawesville,30.9224,-84.0091,29.23,65,75,3.6,US,1683587862
463,amnat charoen,15.9167,104.75,25.82,82,100,1.46,TH,1683587864
464,ashburton,-37.8626,145.0794,12.86,88,100,0.45,AU,1683587866
465,arkhangel'sk,64.5401,40.5433,2.15,97,100,1.9,RU,1683587868
466,onega,63.9061,38.1404,1.29,96,82,2.01,RU,1683587870
467,lakki,32.6079,70.9114,23.92,36,0,1.5,PK,1683587871
468,rio rico,31.4715,-110.9765,31.8,9,0,4.12,US,1683587873
469,salacgriva,57.7536,24.3581,5.56,67,23,3.2,LV,1683587875
470,homeland park,34.4707,-82.6707,27.38,64,0,4.12,US,1683587877
471,date,42.4681,140.8681,9.27,80,10,1.67,JP,1683587879
472,viedma,-40.8135,-62.9967,10.07,65,1,0.88,AR,1683587746
473,tamanrasset,22.785,5.5228,24.95,12,0,2.06,DZ,1683587885
474,sovetskiy,61.3614,63.5842,-2.45,73,20,2.6,RU,1683587888
475,veranopolis,-28.9361,-51.5494,14.18,93,71,0.48,BR,1683587890
476,baoqing,46.3317,132.2111,10.19,36,60,6.78,CN,1683587893
477,xinyuan,37.3,99.0,-0.96,81,99,1.0,CN,1683587895
478,south hedland,-20.4089,118.5983,21.96,33,0,7.72,AU,1683587898
479,swakopmund,-22.6833,14.5333,15.8,78,0,2.95,NA,1683587900
480,shingu,33.7333,135.9833,16.35,55,100,1.31,JP,1683587906
481,utrik,11.2278,169.8474,26.89,84,100,8.57,MH,1683587908
482,tebingtinggi,3.3285,99.1625,24.16,85,97,0.82,ID,1683587911
483,sainte-livrade-sur-lot,44.3993,0.5912,13.06,82,100,0.92,FR,1683587914
484,novyy turtkul',41.55,61.0167,13.95,23,50,3.61,UZ,1683587916
485,mancio lima,-7.6142,-72.8958,25.04,100,100,3.09,BR,1683587917
486,glace bay,46.1969,-59.957,4.88,93,100,4.12,CA,1683587919
487,rio grande,-32.035,-52.0986,19.06,79,0,4.51,BR,1683587921
488,folkston,30.8305,-82.0098,28.88,53,41,0.89,US,1683587923
489,vyazemskiy,47.5378,134.7525,7.41,62,100,5.83,RU,1683587925
490,dok kham tai,19.1624,99.9934,24.05,91,100,1.11,TH,1683587929
491,sillamae,59.3997,27.7547,4.49,58,51,1.78,EE,1683587934
492,corinto,37.9407,22.9573,18.27,65,100,0.37,GR,1683587936
493,jinchang,38.4953,102.1739,7.05,77,100,1.5,CN,1683587938
494,jayapura,-2.5333,140.7,27.66,92,100,1.96,ID,1683587942
495,tayshet,55.9342,98.0044,10.91,59,7,1.4,RU,1683587945
496,alvaraes,-3.2208,-64.8042,24.93,96,90,1.24,BR,1683587949
497,iligan city,8.25,124.4,25.38,81,80,1.03,PH,1683587952
498,new plymouth,-39.0667,174.0833,17.53,100,100,0.45,NZ,1683587954
499,santa cruz,-17.8,-63.1667,20.03,77,75,3.6,BO,1683587837
500,pemba,-12.974,40.5178,24.09,82,0,5.51,MZ,1683587959
501,quellon,-43.1167,-73.6167,9.14,93,100,2.57,CL,1683587962
502,i-n-salah,27.1935,2.4607,28.93,13,1,7.52,DZ,1683587964
503,bereznik,62.8551,42.7072,4.64,79,100,3.2,RU,1683587967
504,ilebo,-4.3167,20.5833,21.73,96,91,0.75,CD,1683587969
505,duncan,34.5023,-97.9578,30.94,52,0,4.63,US,1683587972
506,puerto armuelles,8.2833,-82.8667,31.99,72,92,3.73,PA,1683587913
507,nuuk,64.1835,-51.7216,0.34,93,75,4.63,GL,1683587977
508,cozumel,20.5083,-86.9458,30.04,72,40,5.14,MX,1683587954
509,carolina beach,34.0352,-77.8936,24.52,81,78,6.78,US,1683587875
510,pyay,18.8167,95.2167,28.86,64,92,2.59,MM,1683587982
511,okhotsk,59.3833,143.3,2.96,73,50,0.86,RU,1683587981
512,pocone,-16.2567,-56.6228,27.23,70,100,1.66,BR,1683587986
513,tomatlan,19.9333,-105.25,31.87,52,3,4.17,MX,1683587872
514,viana do castelo,41.6932,-8.8329,16.85,96,92,1.3,PT,1683587990
515,verkhnevilyuysk,63.4453,120.3167,-2.49,79,90,3.38,RU,1683587992
516,atar,20.5169,-13.0499,30.67,15,80,2.67,MR,1683587994
517,nalut,30.3333,10.85,16.74,76,0,9.11,LY,1683587996
518,ust'-ilimsk,58.0006,102.6619,10.17,68,18,2.91,RU,1683587999
519,dosso,13.049,3.1937,32.89,25,67,3.2,NE,1683588001
520,gwaram,11.2764,9.8858,27.69,12,97,1.03,NG,1683588006
521,bichena,10.45,38.2,14.17,76,96,0.9,ET,1683588010
522,santa rosa de cabal,4.8681,-75.6214,23.79,69,100,3.09,CO,1683588013
523,mount pearl,47.5166,-52.7813,6.09,93,100,9.77,CA,1683588006
524,tefe,-3.3542,-64.7114,25.06,94,20,2.06,BR,1683588018
525,kibre mengist,5.8833,38.9833,15.2,99,93,0.3,ET,1683588021
526,beloyarskiy,63.7119,66.6722,-4.53,83,75,3.41,RU,1683588025
527,arno,60.1167,18.6333,5.99,59,73,4.92,SE,1683588028
528,labrador city,52.9463,-66.9114,0.95,51,75,4.12,CA,1683587909
529,montemor-o-novo,38.6481,-8.2145,14.57,87,54,4.07,PT,1683588035
530,agadez,19.75,10.25,27.91,7,70,2.26,NE,1683588037
531,laguna,38.421,-121.4238,21.66,46,40,4.63,US,1683588039
532,acajutla,13.5928,-89.8275,30.65,69,24,4.19,SV,1683588041
533,fort mcmurray,56.7268,-111.381,19.77,42,100,1.54,CA,1683588043
534,senador jose porfirio,-2.5908,-51.9542,25.51,89,34,1.77,BR,1683588046
535,butte,39.6499,-121.5677,19.55,38,71,4.03,US,1683588048
536,la reforma,25.0833,-108.05,29.64,37,0,6.82,MX,1683588050
537,rimpar,49.8564,9.9583,13.52,77,55,1.43,DE,1683588052
538,balaipungut,1.05,101.2833,23.48,85,100,0.7,ID,1683588054
539,barra do corda,-5.5,-45.25,24.67,74,17,0.52,BR,1683588055
540,johvi,59.3592,27.4211,3.9,56,51,1.75,EE,1683588057
541,ceeldheer,3.8488,47.1806,26.5,81,17,8.28,SO,1683588059
542,bucerias,20.75,-105.3333,29.99,51,0,5.66,MX,1683588058
543,kimbe,-5.5502,150.1429,29.42,72,65,0.33,PG,1683588063
544,arica,-18.475,-70.3042,19.75,83,19,1.84,CL,1683587955
545,mwene-ditu,-7.0,23.45,18.76,81,95,1.87,CD,1683588066
546,fulton,33.7668,-84.4499,27.34,69,0,2.57,US,1683588072
547,sassandra,4.95,-6.0833,26.77,86,46,2.85,CI,1683588074
548,shobara,34.85,133.0167,13.47,48,91,0.66,JP,1683588076
549,nenjiang,49.1833,125.2167,8.32,26,0,9.88,CN,1683588077
550,souillac,-20.5167,57.5167,22.21,94,75,1.54,MU,1683588079
551,sidney,-33.8679,151.2073,15.98,57,20,8.75,AU,1683587936
552,dakhla,23.6848,-15.958,18.88,89,0,8.58,EH,1683588083
553,negara,-8.3151,114.6025,25.34,92,97,2.92,ID,1683588085
554,kabansk,52.0486,106.6528,9.43,51,1,1.25,RU,1683588087
555,sydney,-33.8679,151.2073,15.75,59,20,7.72,AU,1683587521
556,kodinar,20.7903,70.7031,27.18,76,18,4.69,IN,1683588092
557,brokopondo,4.75,-55.1667,25.2,90,95,3.05,SR,1683588094
558,naze,28.3667,129.4833,21.51,62,79,6.92,JP,1683587904
559,aswan,24.0934,32.907,23.61,28,0,3.09,EG,1683588098
560,san miguel,13.4833,-88.1833,35.78,41,23,2.06,SV,1683588100
561,fort-shevchenko,44.5086,50.263,13.77,84,24,2.44,KZ,1683588101
562,santana,-0.0583,-51.1817,27.1,89,100,4.63,BR,1683588104
563,sogod,10.3847,124.9814,28.37,73,91,0.62,PH,1683588106
564,santo tome,-31.6627,-60.7653,17.78,79,0,1.71,AR,1683588107
565,daru,-9.0763,143.2092,26.39,89,100,7.39,PG,1683587999
566,northam,51.0333,-4.2167,12.56,98,100,3.51,GB,1683588002
567,alo,7.4178,6.7371,27.64,67,86,2.18,NG,1683588114
568,salmon arm,50.6998,-119.3024,17.62,55,100,1.54,CA,1683588116
569,saint-sulpice-la-pointe,43.7742,1.6874,16.27,83,100,1.16,FR,1683588118
570,namdrik,5.5994,168.1028,27.29,82,100,2.76,MH,1683588120
571,riolandia,-19.9808,-49.6819,22.15,62,64,1.22,BR,1683588122
572,tupiza,-21.45,-65.7167,15.99,20,100,1.86,BO,1683588124
573,barakani,-12.1356,44.4317,26.33,76,6,3.97,KM,1683588126
574,el calafate,-50.3408,-72.2768,6.34,82,18,3.56,AR,1683588129
575,ulsteinvik,62.3432,5.8487,14.5,75,100,1.79,NO,1683588131
576,todos santos,23.45,-110.2167,22.47,68,12,4.85,MX,1683588133
577,lanivtsi,49.8633,26.0908,2.16,84,28,2.59,UA,1683588136
578,jakiri,6.1,10.65,16.17,89,82,0.58,CM,1683588140
579,ambon,-3.6954,128.1814,29.97,91,40,2.57,ID,1683588142
